"idtipo","login","NumeroPersonal",
"1","aal1182","",
"1","aas2140","",
"1","aay1985","",
"1","aba2602","",
"1","abana930","",
"1","abcam725","",
"1","abm1310","",
"1","abrog385","",
"1","acdoal65","",
"1","ace1515","",
"1","ace2250","",
"1","acg1630","",
"1","acl1719","",
"1","acs2171","",
"1","adf1748","",
"1","adi1785","",
"1","adm1680","",
"1","afm2502","",
"1","afr2119","",
"1","afs2009","",
"1","aga1033","",
"1","agcev457","",
"1","agd1104","",
"1","agd2034","",
"1","agf1678","",
"1","agf1679","",
"1","aggoj962","",
"1","aggow516","",
"1","agj1950","",
"1","agk1288","",
"1","agmoj179","",
"1","ago2707","",
"1","agpea673","",
"1","agr2426","",
"1","agvet270","",
"1","ahc2020","",
"1","ahe1879","",
"1","ahr2154","",
"1","ahs2252","",
"1","ahy2597","",
"1","aja1389","",
"1","ajc2251","",
"1","ajm1750","",
"1","ajr1776","",
"1","ala1973","",
"1","ala2613","",
"1","alala701","",
"1","alara627","",
"1","alc1268","",
"1","alg2299","",
"1","algom802","",
"1","algua896","",
"1","alhem397","",
"1","alj1724","",
"1","alj2402","",
"1","almaa618","",
"1","alu2064","",
"1","ama1835","",
"1","ama2054","",
"1","ama2340","",
"1","amalo582","",
"1","amdej616","",
"1","ame1266","",
"1","ame1532","",
"1","amg2306","",
"1","ami1527","",
"1","amj2572","",
"1","amm1447","",
"1","amm2303","",
"1","ams1205","",
"1","amy2383","",
"1","ancof456","",
"1","angaj753","",
"1","angak986","",
"1","anmer429","",
"1","anmet725","",
"1","anmij526","",
"1","anne284","",
"1","ansaa330","",
"1","ansam921","",
"1","ansas617","",
"1","apa1513","",
"1","ape1089","",
"1","apm1194","",
"1","apm2069","",
"1","apr1277","",
"1","aprar960","",
"1","ara2285","",
"1","ara2354","",
"1","ara2604","",
"1","aranr312","",
"1","arcosr","",
"1","argovi","",
"1","armoa926","",
"1","arr2645","",
"1","ars2507","",
"1","arsaj518","",
"1","arv2022","",
"1","asd2527","",
"1","asj2454","",
"1","ava1012","",
"1","ava1411","",
"1","avmob445","",
"1","avmoga22","",
"1","avr1859","",
"1","avrii427","",
"1","avy2561","",
"1","ayalj679","",
"1","ayvey844","",
"1","azrael_k","",
"1","a_jorian","",
"1","baa2297","",
"1","badoe636","",
"1","bagas337","",
"1","bagis693","",
"1","balaa356","",
"1","bamea619","",
"1","bamoj957","",
"1","bao1765","",
"1","baork974","",
"1","barekc","",
"1","baror646","",
"1","bay1145","",
"1","bazao369","",
"1","bbe2424","",
"1","bbm2637","",
"1","bcf1984","",
"1","bcj2320","",
"1","bcm2505","",
"1","bcv2396","",
"1","bdg1162","",
"1","begok780","",
"1","bemoe310","",
"1","bemof192","",
"1","bepaa883","",
"1","betor628","",
"1","bevas777","",
"1","bezac608","",
"1","bga2072","",
"1","bgahe5","",
"1","bgc1816","",
"1","bgc2126","",
"1","bgi2638","",
"1","bgj1666","",
"1","bgr1954","",
"1","bgs1946","",
"1","bhd2547","",
"1","bjf1558","",
"1","bla1910","",
"1","bmc2699","",
"1","bme1289","",
"1","bmi2292","",
"1","bmj2413","",
"1","bml1738","",
"1","bml2492","",
"1","bml2584","",
"1","bmm1116","",
"1","bmm2327","",
"1","bmp2074","",
"1","bmr1796","",
"1","bogor739","",
"1","boisj352","",
"1","bonilla","",
"1","bopej340","",
"1","bosar200","",
"1","bpc2653","",
"1","bra2551","",
"1","bralop","",
"1","brb1948","",
"1","brj1561","",
"1","brvid765","",
"1","bsd2697","",
"1","bsj1968","",
"1","bsl1360","",
"1","bsn1767","",
"1","btc2108","",
"1","btd2153","",
"1","buhee903","",
"1","bva1710","",
"1","bvi1222","",
"1","bvv2627","",
"1","bze1166","",
"1","cabaj701","",
"1","cabaj754","",
"1","cabem741","",
"1","cac1632","",
"1","cacaa738","",
"1","cacaj239","",
"1","cacoj831","",
"1","cacru448","",
"1","cad1826","",
"1","cador564","",
"1","cafua562","",
"1","cag2046","",
"1","cahec509","",
"1","caj2621","",
"1","caj2623","",
"1","calac139","",
"1","calac269","",
"1","caloa931","",
"1","cameg909","",
"1","camen216","",
"1","camoj309","",
"1","can1741","",
"1","caora788","",
"1","caorb714","",
"1","capof197","",
"1","car1373","",
"1","carif152","",
"1","carlosmb","",
"1","carod658","",
"1","cas2552","",
"1","casam956","",
"1","casor855","",
"1","catoe446","",
"1","cau2007","",
"1","cavaj870","",
"1","cbd2318","",
"1","cbe1498","",
"1","cbg1893","",
"1","cbj1464","",
"1","cbn2337","",
"1","cca1845","",
"1","ccaa972","",
"1","ccc2445","",
"1","ccc2685","",
"1","cce1634","",
"1","cce2345","",
"1","ccg2453","",
"1","ccl1379","",
"1","ccl2609","",
"1","ccm2283","",
"1","cco2084","",
"1","ccy2688","",
"1","cd1027","",
"1","cdb1383","",
"1","ced2132","",
"1","cehej727","",
"1","cemug108","",
"1","cen2503","",
"1","ceo2237","",
"1","cer1119","",
"1","cesaa829","",
"1","cfg1016","",
"1","cga1481","",
"1","cga2545","",
"1","cga2643","",
"1","cge2577","",
"1","cgj1746","",
"1","cgj2144","",
"1","cgl1469","",
"1","cgl2101","",
"1","cgn1688","",
"1","chc1803","",
"1","che2068","",
"1","chf2103","",
"1","chj1963","",
"1","chj2145","",
"1","chj2525","",
"1","chl2228","",
"1","chv1549","",
"1","cij2565","",
"1","cj1643","",
"1","cjb2394","",
"1","cjs2633","",
"1","cla2092","",
"1","cla2332","",
"1","cld2416","",
"1","clf2023","",
"1","cli2104","",
"1","cly2312","",
"1","cmb1000","",
"1","cmc2275","",
"1","cme2028","",
"1","cmf2415","",
"1","cml1571","",
"1","cmm1346","",
"1","cmm1854","",
"1","cmy2620","",
"1","coacr754","",
"1","cobaa729","",
"1","coc1311","",
"1","cocece16","",
"1","cocel374","",
"1","cocoj740","",
"1","coet_ek","",
"1","cogae730","",
"1","coi2328","",
"1","comean64","",
"1","comed811","",
"1","comou144","",
"1","contreri","",
"1","coosp604","",
"1","coosz165","",
"1","coroj534","",
"1","coruj779","",
"1","cosaq932","",
"1","cot1713","",
"1","cotlj542","",
"1","cpe2571","",
"1","cpj1493","",
"1","cpm2289","",
"1","cps2442","",
"1","cra2509","",
"1","crcad150","",
"1","crd2450","",
"1","cre1726","",
"1","crg1253","",
"1","crgad114","",
"1","cri2094","",
"1","cri2313","",
"1","crj2526","",
"1","crl2018","",
"1","crlaa648","",
"1","crlur398","",
"1","crm1318","",
"1","crmar501","",
"1","cro2277","",
"1","crr1374","",
"1","crr1617","",
"1","crsom578","",
"1","crv2635","",
"1","crz1273","",
"1","csa2155","",
"1","cse1053","",
"1","csf2480","",
"1","csh2047","",
"1","csj2512","",
"1","csl2280","",
"1","csm2641","",
"1","csn1107","",
"1","csu2640","",
"1","ctb1451","",
"1","cudit271","",
"1","cugor523","",
"1","cva2282","",
"1","cvc1486","",
"1","cvg2713","15672",
"1","cvj2102","",
"1","cvj2349","",
"1","cvm2218","",
"1","cvs1378","",
"1","cyl2491","",
"1","dad1593","",
"1","daguj483","",
"1","dam1502","",
"1","dbj1384","",
"1","dbj2223","",
"1","dca2673","",
"1","dcb2234","",
"1","dcc1143","",
"1","dcm2268","",
"1","dcy1807","",
"1","ddf1969","",
"1","ddm1855","",
"1","dds1876","",
"1","dea1907","",
"1","deamn444","",
"1","degar490","",
"1","desal622","",
"1","dfa1804","",
"1","dfh2535","",
"1","dfj1364","",
"1","dgd1694","",
"1","dgf1918","",
"1","dgg2486","",
"1","dgj1655","",
"1","dgj2533","",
"1","dgm2548","",
"1","dgn1701","",
"1","dhc1185","",
"1","dhg2217","",
"1","dhj2211","",
"1","dhj2703","",
"1","dhn2440","",
"1","dhp1165","",
"1","diarj437","",
"1","dibey887","",
"1","digor637","",
"1","dilij321","",
"1","dimef447","",
"1","dimem455","",
"1","djm1698","",
"1","dkp1651","",
"1","dlj1439","",
"1","dlm2651","",
"1","dma2544","",
"1","dme1393","",
"1","dme2607","",
"1","dmj2238","",
"1","dolam476","",
"1","dovij724","",
"1","dpachecog","",
"1","dpj1097","",
"1","drd1764","",
"1","drl2027","",
"1","drr1035","",
"1","drr2595","",
"1","dry1160","",
"1","dsm2534","",
"1","dsr2713","",
"1","dtj2216","",
"1","dvd2021","",
"1","dzf1495","",
"1","ebv2310","",
"1","edr1392","",
"1","eea1795","",
"1","eei1381","",
"1","eg1000","",
"1","eglok587","",
"1","els1703","",
"1","emc2055","",
"1","emj1124","",
"1","encae263","",
"1","encuesta1","",
"1","encuesta2","",
"1","eqp2583","",
"1","esa1877","",
"1","esgoh405","",
"1","esmin105","",
"1","essaj702","",
"1","esvin975","",
"1","etj1229","",
"1","evm1640","",
"1","ezl2373","",
"1","ezm1179","",
"1","faa2226","",
"1","fahoj548","",
"1","famer854","",
"1","fan1008","",
"1","fapaa120","",
"1","favag721","",
"1","fca2736","",
"1","fcj2449","",
"1","fcl1814","",
"1","fcm2541","",
"1","fcn2417","",
"1","fdj1135","",
"1","fdk1760","",
"1","fdt1263","",
"1","feagl935","",
"1","fecrp922","",
"1","feflj825","",
"1","feroj390","",
"1","fesaj244","",
"1","ffb2347","",
"1","fgj1944","",
"1","fgm1213","",
"1","fhe1210","",
"1","fhh1292","",
"1","fhj2676","",
"1","fhj2684","",
"1","fhs1516","",
"1","fij2221","",
"1","fldea532","",
"1","flfla459","",
"1","flj1802","",
"1","flmar830","",
"1","fls1477","",
"1","flutr845","",
"1","flvag392","",
"1","flvie739","",
"1","flz2419","",
"1","fma1362","",
"1","fmc2495","",
"1","fme2343","",
"1","fmm1733","",
"1","fms1255","",
"1","fpu2654","",
"1","fpv2082","",
"1","frcoma26","",
"1","frg1836","",
"1","frj2010","",
"1","frj2124","",
"1","frn1120","",
"1","fvj1671","",
"1","fvl2286","",
"1","g a2149","",
"1","gaaba439","",
"1","gaale493","",
"1","gaarj988","",
"1","gaary796","",
"1","gac1137","",
"1","gad1595","",
"1","gae1702","",
"1","gaf1040","",
"1","gagoa151","",
"1","gahea583","",
"1","gaheg938","",
"1","gai2401","",
"1","gaino597","",
"1","gaj1489","",
"1","gaj2067","",
"1","gal1435","",
"1","gam1349","",
"1","gam1716","",
"1","gamaa370","",
"1","gamaw836","",
"1","gamea577","",
"1","gamoe700","",
"1","gapej140","",
"1","garij430","",
"1","gasaev92","",
"1","gasar649","",
"1","gaser438","",
"1","gasuv570","",
"1","gavie327","",
"1","gba2112","",
"1","gbf2016","",
"1","gbj1202","",
"1","gbj1846","",
"1","gbn2518","",
"1","gca2578","",
"1","gcc1041","",
"1","gcc1072","",
"1","gcc2017","",
"1","gcc2558","",
"1","gcf2462","",
"1","gcg2435","",
"1","gcj1518","",
"1","gcj1712","",
"1","gcj2227","",
"1","gcj2410","",
"1","gcm1007","",
"1","gcv1375","",
"1","gcw2409","",
"1","gcw2451","",
"1","gda2325","",
"1","gde1403","",
"1","gdm2233","",
"1","gea1505","",
"1","gec1015","",
"1","ger2334","",
"1","gfl1169","",
"1","ggc1314","",
"1","ggc1722","",
"1","gge1453","",
"1","ggg1714","",
"1","ggi1458","",
"1","ggi2294","",
"1","ggj2683","",
"1","ggm2001","",
"1","ggn2542","",
"1","ggp2042","",
"1","ggr2317","",
"1","ggy1149","",
"1","gha1231","",
"1","ghf2193","",
"1","ghj1805","",
"1","ghj2272","",
"1","ghj2309","",
"1","ghk1798","",
"1","ghm1790","",
"1","ghn1385","",
"1","ghn2099","",
"1","givaf520","",
"1","gja2060","",
"1","gja2479","",
"1","gjb2004","",
"1","gjd1073","",
"1","gla1284","",
"1","glb1544","",
"1","glc2520","",
"1","gld1658","",
"1","gld1663","",
"1","gle2385","",
"1","gli2011","",
"1","glj1813","",
"1","glj1965","",
"1","gll1193","",
"1","gls2428","",
"1","gmd1212","",
"1","gmd2254","",
"1","gme1445","",
"1","gmj1669","",
"1","gmj2205","",
"1","gmr1127","",
"1","gms1784","",
"1","gms1917","",
"1","gms2071","",
"1","goa1232","",
"1","goa2601","",
"1","goagx954","",
"1","goala497","",
"1","goc1221","",
"1","gocop804","",
"1","goe1604","",
"1","goe1801","",
"1","gogaj929","",
"1","gogui318","",
"1","goguy985","",
"1","goheh699","",
"1","goleg367","",
"1","gomea650","",
"1","gomem797","",
"1","gomoc442","",
"1","gopel953","",
"1","goria149","",
"1","gorup675","",
"1","gpd1591","",
"1","gpj1413","",
"1","gpj2351","",
"1","gpj2631","",
"1","gpm1683","",
"1","gpo2331","",
"1","gpr1761","",
"1","gra2452","",
"1","gra2517","",
"1","grj1590","",
"1","grj2335","",
"1","grl1177","",
"1","gro1254","",
"1","gro2647","",
"1","grr1087","",
"1","grr1864","",
"1","grs1673","",
"1","gsa1267","",
"1","gsa2150","",
"1","gse2284","",
"1","gsh1037","",
"1","gsj1118","",
"1","gsn2397","",
"1","gsr2522","",
"1","gsu2490","",
"1","gta2593","",
"1","guabj241","",
"1","gubul805","",
"1","gucoc916","",
"1","gucog104","",
"1","guillerm","",
"1","guloc357","",
"1","gve1626","",
"1","gvj1601","",
"1","gvj1955","",
"1","gvl1578","",
"1","gvo2589","",
"1","gvr1265","",
"1","gya2420","",
"1","h c1367","",
"1","hai2056","",
"1","hai2376","",
"1","haj1652","",
"1","hal2599","",
"1","hbj1347","",
"1","hbl2412","",
"1","hbs2212","",
"1","hca1071","",
"1","hca2587","",
"1","hcd1997","",
"1","hcj1410","",
"1","hcj1605","",
"1","hcj2114","",
"1","hdf1106","",
"1","hdm2039","",
"1","hdp2357","",
"1","hdu1132","",
"1","hea2137","",
"1","heage742","",
"1","hecej533","",
"1","hecej683","",
"1","hechc502","",
"1","hecoh288","",
"1","hecov452","",
"1","hecrm440","",
"1","hedem461","",
"1","hedig847","",
"1","hefef530","",
"1","hegac512","",
"1","hegac537","",
"1","hegae758","",
"1","hegam757","",
"1","hegan759","",
"1","hehed756","",
"1","hehej745","",
"1","hejur624","",
"1","helaj879","",
"1","helof453","",
"1","hemaa109","",
"1","hemar538","",
"1","hemeu919","",
"1","hemij653","",
"1","hemoj388","",
"1","hemoo603","",
"1","hemov112","",
"1","hepea657","",
"1","heped849","",
"1","hequm862","",
"1","herao407","",
"1","herev317","",
"1","herol190","",
"1","hesay609","",
"1","hever489","",
"1","heyam936","",
"1","hfe2143","",
"1","hga1695","",
"1","hgc1412","",
"1","hgc2062","",
"1","hge1019","",
"1","hge1405","",
"1","hgj2261","",
"1","hgj2393","",
"1","hgm1496","",
"1","hgm1497","",
"1","hgr1017","",
"1","hgr1356","",
"1","hgs1492","",
"1","hgs2035","",
"1","hgs2639","",
"1","hgt1395","",
"1","hgy1987","",
"1","hha2281","",
"1","hha2521","",
"1","hhe1423","",
"1","hhe2372","",
"1","hhg1020","",
"1","hhh1856","",
"1","hhh2701","",
"1","hhj1512","",
"1","hiher914","",
"1","hij2476","",
"1","hjg2483","",
"1","hjm1730","",
"1","hle1295","",
"1","hle2439","",
"1","hlm2036","",
"1","hlm2088","",
"1","hlo2044","",
"1","hlr1777","",
"1","hlv1105","",
"1","hlv1276","",
"1","hmb2448","",
"1","hmb2570","",
"1","hmc1763","",
"1","hme2066","",
"1","hme2408","",
"1","hmf1369","",
"1","hmg2488","",
"1","hmj1706","",
"1","hmj1964","",
"1","hmj2499","",
"1","hmm1296","",
"1","hmr1103","",
"1","hmy1642","",
"1","hoesd663","",
"1","hoj1371","",
"1","hoj1398","",
"1","hoj2232","",
"1","hov1217","2222",
"1","hpe1421","",
"1","hpe2530","",
"1","hpm1510","",
"1","hpm1717","",
"1","hpn2566","",
"1","hpr2358","",
"1","hqa2113","",
"1","hqd1737","",
"1","hra1865","",
"1","hra2359","",
"1","hra2559","",
"1","hrc1476","",
"1","hrc1809","",
"1","hrc2528","",
"1","hrm2255","",
"1","hrr2206","",
"1","hsa2097","",
"1","hsc1426","",
"1","hse1063","",
"1","hse2586","",
"1","hse2713","",
"1","hsj1278","",
"1","hsm2702","",
"1","hsr1967","",
"1","hsr2691","",
"1","hst2500","",
"1","huaga494","",
"1","hualj760","",
"1","hucav326","",
"1","hulea223","",
"1","hva1235","",
"1","hva1906","",
"1","hvl2123","",
"1","hvm1770","",
"1","hvm1868","",
"1","hvr2536","",
"1","hzc2455","",
"1","hzc2625","",
"1","icd1233","",
"1","ici1164","",
"1","igj1138","",
"1","issa","",
"1","iti2598","",
"1","ixsam976","",
"1","jacaj470","",
"1","jamol983","",
"1","jasaj816","",
"1","jch1960","",
"1","jcj2423","",
"1","jcpp84","",
"1","jda2012","",
"1","jde1154","",
"1","jds1321","",
"1","jga2263","",
"1","jga2636","",
"1","jge2203","",
"1","jge2652","",
"1","jgg2608","",
"1","jgk2133","91000",
"1","jgr1236","",
"1","jhc2610","",
"1","jhe1404","",
"1","jhi2414","",
"1","jhj2461","",
"1","jhy2425","",
"1","jihes635","",
"1","jijij227","",
"1","jijim951","",
"1","jimay895","",
"1","jimea468","",
"1","jimod486","",
"1","jirop301","",
"1","jja2291","",
"1","jjc2330","",
"1","jlc1401","",
"1","jmd2392","",
"1","jmhpzero","",
"1","jmm1514","",
"1","jmp2115","",
"1","jmv1530","",
"1","jpa1282","",
"1","jpd1077","",
"1","jrc1586","",
"1","jre1556","",
"1","jrm2002","",
"1","jrr2333","",
"1","jth1705","",
"1","jtj1428","",
"1","julon722","",
"1","jurac968","",
"1","jusaa755","",
"1","jvc2213","",
"1","jvu1951","",
"1","kik2386","",
"1","kuh1491","",
"1","kuhel948","",
"1","laa2585","",
"1","lagag746","",
"1","lahen752","",
"1","laj1646","",
"1","laj1689","",
"1","lam1286","",
"1","lam1739","",
"1","lam1799","",
"1","lamop506","",
"1","larif460","",
"1","lasaa536","",
"1","lasaj328","",
"1","lav1414","",
"1","lavea259","",
"1","lavic610","",
"1","lbh2694","",
"1","lbj2003","",
"1","lbj2695","",
"1","lbr1382","",
"1","lca1538","",
"1","lca2555","",
"1","lcd2287","",
"1","lcd2427","",
"1","lcg1269","",
"1","lcm2229","",
"1","lcr1230","",
"1","lcv2543","",
"1","lda2704","",
"1","ldr1406","",
"1","learj360","",
"1","lehee121","",
"1","lem2368","",
"1","ler","",
"1","lfe2329","",
"1","lfm2043","",
"1","lga2366","",
"1","lgd1181","",
"1","lgj1093","",
"1","lgk2549","",
"1","lgl1888","",
"1","lgl2235","",
"1","lgm2438","",
"1","lgr1500","",
"1","lgr1800","",
"1","lgr2550","",
"1","lgv1064","",
"1","lgy2477","",
"1","lha2493","",
"1","lhc2130","",
"1","lhj1425","",
"1","lhj2686","",
"1","lhm2167","",
"1","lhn1670","",
"1","lho1766","",
"1","lhr2279","",
"1","liabe329","",
"1","liamg19","",
"1","lidoz731","",
"1","lifuc680","",
"1","lililoar","",
"1","liria166","",
"1","liris404","",
"1","lja2378","",
"1","ljj2225","",
"1","ljm2087","",
"1","ljs2501","",
"1","llc1744","",
"1","llg2172","",
"1","llg2194","",
"1","lll1051","",
"1","llt2510","",
"1","lmc2458","",
"1","lmf1075","",
"1","lmf2086","",
"1","lmh1417","",
"1","lmi1196","",
"1","lmj1092","",
"1","lmj1224","",
"1","lmj1465","",
"1","lmm1158","",
"1","lmm1171","",
"1","lmn1418","",
"1","lmo1747","",
"1","lmt2262","",
"1","lna1908","",
"1","loa2464","",
"1","loa2556","",
"1","loara304","",
"1","loash782","",
"1","logaa590","",
"1","logaje91","",
"1","logo","",
"1","lohuc681","",
"1","loi1226","",
"1","loibj963","",
"1","loj2481","",
"1","lomem566","",
"1","lomoa503","",
"1","lomoj760","",
"1","lonij499","",
"1","loquillo","",
"1","lorog737","",
"1","loror969","",
"1","losas958","",
"1","losib751","",
"1","losod208","",
"1","loson368","",
"1","losul869","",
"1","loxov827","",
"1","lpf2081","",
"1","lpj2202","",
"1","lpy1709","",
"1","lpz2077","",
"1","lrk2037","",
"1","lse1862","",
"1","lsf2315","",
"1","lsg1275","",
"1","lsj1704","",
"1","lsm1218","",
"1","lsm1569","",
"1","ltf2207","",
"1","luceo750","",
"1","luis","",
"1","lurov643","",
"1","lvc2324","",
"1","lvd1781","",
"1","lve2091","",
"1","lzc1723","",
"1","maa1529","",
"1","maa1699","",
"1","maagu785","",
"1","maall563","",
"1","mab2006","",
"1","mabac147","",
"1","mabag837","",
"1","mabaj371","",
"1","mabel724","",
"1","macao809","",
"1","macau420","",
"1","macau776","",
"1","macol406","",
"1","mae1668","",
"1","mae1982","",
"1","magab833","",
"1","magal770","",
"1","magama99","",
"1","magar393","",
"1","magea196","",
"1","magoj826","",
"1","magol853","",
"1","magol947","",
"1","magon704","",
"1","magra121","",
"1","magrn589","",
"1","mahuc820","",
"1","majig756","",
"1","mak1720","",
"1","mal2187","",
"1","malur561","",
"1","mam2568","",
"1","mamaj322","",
"1","mamam396","",
"1","mamar342","",
"1","mamas808","",
"1","mamav117","",
"1","mamok466","",
"1","mamom207","",
"1","maora987","",
"1","mapom800","",
"1","maraa507","",
"1","maraa918","",
"1","maraj394","",
"1","maral395","",
"1","maroj163","",
"1","maror615","",
"1","marsan","",
"1","masaf851","",
"1","masax116","",
"1","matlj383","",
"1","matos381","",
"1","matov524","",
"1","matov787","",
"1","mausg410","",
"1","mavaj504","",
"1","mavij477","",
"1","mba2375","",
"1","mba2679","",
"1","mbf2537","",
"1","mbj2204","",
"1","mbr2407","",
"1","mca1430","",
"1","mca2049","",
"1","mcc2308","",
"1","mcd1280","",
"1","mce2109","",
"1","mcf1115","",
"1","mcf1200","",
"1","mci1953","",
"1","mci2052","",
"1","mcj1911","",
"1","mcj1999","",
"1","mcj2032","",
"1","mcl2344","",
"1","mcm2296","",
"1","mcr1195","",
"1","mdf1734","",
"1","mdm1745","",
"1","mecag229","",
"1","mecee955","",
"1","mecoi545","",
"1","medey915","",
"1","mee1659","",
"1","mehev557","",
"1","mej1251","",
"1","melok848","",
"1","melor247","",
"1","memoa908","",
"1","meorjo76","",
"1","mep1641","",
"1","meror418","",
"1","mesaa925","",
"1","mesalu12","",
"1","mevew620","",
"1","mevio546","",
"1","mfe1773","",
"1","mfm2511","",
"1","mga1416","",
"1","mgc1261","",
"1","mgc2506","",
"1","mgc2600","",
"1","mgd1134","",
"1","mge1355","",
"1","mgg1088","",
"1","mgj1878","",
"1","mgp1696","",
"1","mha1175","",
"1","mhd1711","",
"1","mhe1133","",
"1","mhf1889","",
"1","mhh1131","",
"1","mhh1611","",
"1","mhj1290","",
"1","mhl2045","",
"1","mhm2314","",
"1","mhr1372","",
"1","mhs2138","",
"1","mhz1585","",
"1","miguel_a","",
"1","miped124","",
"1","mivib769","",
"1","mjc1517","",
"1","mje1927","",
"1","mjf1715","",
"1","mjl1208","",
"1","mla2231","",
"1","mlf2617","",
"1","mll2355","",
"1","mlm2573","",
"1","mlr2224","",
"1","mlr2288","",
"1","mls2459","",
"1","mma2482","",
"1","mmc1102","",
"1","mmc1237","",
"1","mme1083","",
"1","mmf1635","",
"1","mmf1797","",
"1","mmf2080","",
"1","mmg1096","",
"1","mmi2322","",
"1","mmj1168","",
"1","mmj1461","",
"1","mmj1825","",
"1","mmj2015","",
"1","mmj2681","",
"1","mml2660","",
"1","mmm1258","",
"1","mmm1408","",
"1","mmm2713","",
"1","mmn1264","",
"1","mmn1616","",
"1","mmo2107","",
"1","mmp2682","",
"1","mms1875","",
"1","mmy2560","",
"1","mne1462","",
"1","mne2134","",
"1","moa2073","",
"1","moala933","",
"1","mobaj786","",
"1","mocra917","",
"1","mocua142","",
"1","mocuo778","",
"1","modem722","",
"1","moder556","",
"1","moflu305","",
"1","mogam125","",
"1","mogoj792","",
"1","mogrc920","",
"1","moj1779","",
"1","mojuc474","",
"1","molom674","",
"1","momac141","",
"1","momag193","",
"1","momop607","15281",
"1","mopoe113","",
"1","morai100","",
"1","moral640","",
"1","more85","",
"1","morug335","",
"1","mos2195","",
"1","mosae240","",
"1","mosaj744","",
"1","mosara15","",
"1","mot1924","",
"1","movaj559","",
"1","movap500","",
"1","movej237","",
"1","mpe2353","",
"1","mpg1736","",
"1","mpj1130","",
"1","mpj1812","",
"1","mpj2271","",
"1","mpm1863","",
"1","mpn1728","",
"1","mqe1123","",
"1","mra1259","",
"1","mra1925","",
"1","mra2494","",
"1","mrf2626","",
"1","mrg1507","",
"1","mrg2244","",
"1","mrj1308","",
"1","mrk1409","",
"1","mrl2678","",
"1","mrm1664","",
"1","mrm1885","",
"1","mro1501","",
"1","mrp1546","",
"1","mrr2564","",
"1","mrr2612","",
"1","mrs1211","",
"1","mrs2078","",
"1","mry2384","",
"1","msa1397","",
"1","msa1740","",
"1","msa1869","",
"1","msc1184","",
"1","msc1270","",
"1","msd1557","",
"1","mse1085","",
"1","mse1633","",
"1","msg1014","",
"1","msg1402","",
"1","msg2321","",
"1","msj2632","",
"1","mso1545","",
"1","msr1380","",
"1","msr2513","",
"1","msr2569","",
"1","mtj1294","",
"1","mtr1167","",
"1","mugof549","",
"1","muhee498","",
"1","muhel485","",
"1","muhel748","",
"1","muora331","",
"1","mur1099","",
"1","murar793","",
"1","mva1533","",
"1","mvd1708","",
"1","mvd2380","",
"1","mvo1443","",
"1","mzb1806","",
"1","nae2008","",
"1","nagor878","",
"1","naheda68","",
"1","nameo511","",
"1","napoj734","",
"1","ndj1442","",
"1","nemesys","",
"1","nlj2131","",
"1","nma2125","",
"1","novan842","",
"1","npe1452","",
"1","nra2024","",
"1","nrc2365","",
"1","nsi1377","",
"1","nvm1742","",
"1","oca1078","",
"1","occar656","",
"1","ocf1824","",
"1","och1136","",
"1","ocj2316","",
"1","ocm2634","",
"1","ocn2026","",
"1","oco1674","",
"1","odm2051","",
"1","oej2239","",
"1","ogd1735","",
"1","ogj1622","",
"1","ogj2582","",
"1","ogm2089","",
"1","ohm2259","",
"1","ohm2304","",
"1","ojsah633","",
"1","olb2379","",
"1","olcaj626","",
"1","olgaj177","",
"1","olgrg764","",
"1","olimpiada1","",
"1","olimpiada2","",
"1","olpad632","",
"1","olsar970","",
"1","ome1125","",
"1","omf2629","",
"1","omi2624","",
"1","omj1271","",
"1","omm2247","",
"1","onm2040","",
"1","oob1420","",
"1","oov1256","",
"1","opd1511","",
"1","opg1370","",
"1","opi1490","",
"1","orcae203","",
"1","orcrv553","",
"1","ordiu733","",
"1","orguj558","",
"1","orgum625","",
"1","orhej667","",
"1","orhue952","",
"1","oribm336","",
"1","orm1621","",
"1","orm2070","",
"1","orora743","",
"1","orpaa555","",
"1","orrac355","",
"1","osd2117","",
"1","osoking","",
"1","otq1653","",
"1","ova1783","",
"1","ovgim573","",
"1","ovl1820","",
"1","ovorj763","",
"1","paanj694","",
"1","paara433","",
"1","paarb712","",
"1","pac2188","",
"1","padeb630","",
"1","pae2592","",
"1","paesi513","",
"1","paesl485","",
"1","pagod806","",
"1","paj1009","",
"1","parej949","",
"1","parig359","",
"1","paroa510","",
"1","paroj766","",
"1","patrj435","",
"1","pbe1931","",
"1","pbm2122","",
"1","pbm2696","",
"1","pbr1456","",
"1","pcc2236","",
"1","pce1242","",
"1","pch1837","",
"1","pch2395","",
"1","pcm1139","",
"1","pcm1656","",
"1","pcm1657","",
"1","pcm2048","",
"1","pcr1400","",
"1","pdi1743","",
"1","pdj2057","",
"1","pdr1839","",
"1","pea1262","",
"1","pea2085","",
"1","pealj661","",
"1","pebace77","",
"1","pecas719","",
"1","peheag4","",
"1","pemad897","",
"1","pep1928","",
"1","pesac846","",
"1","pesuj428","",
"1","petim670","",
"1","peves751","",
"1","pfc2050","",
"1","pgc2059","",
"1","pgj2260","",
"1","pgj2363","",
"1","phc1778","",
"1","phv2014","",
"1","pibab697","",
"1","picaro46","",
"1","pjf1580","",
"1","pjr1018","",
"1","pjr2106","",
"1","pla1667","",
"1","plj2731","",
"1","pma1084","",
"1","pmg1628","",
"1","pmm2323","",
"1","pmn1250","",
"1","pmu1700","",
"1","poriad74","",
"1","potov515","",
"1","pozam531","",
"1","ppj1647","",
"1","ppp1248","",
"1","ppp1994","",
"1","ppp2465","",
"1","ppp2466","",
"1","pqi2278","",
"1","prb2129","",
"1","prf1588","",
"1","prmay119","",
"1","psg1537","",
"1","psj1026","",
"1","psj1246","",
"1","psk1050","",
"1","psl1432","",
"1","psm1121","",
"1","psr1091","",
"1","psv1042","",
"1","pte1328","",
"1","pva1886","",
"1","pza2136","",
"1","qaf1619","",
"1","qga2076","",
"1","qgy1363","",
"1","qhv1163","",
"1","qutoge2","",
"1","r j1252","",
"1","raavc977","",
"1","racaj505","",
"1","rahean67","",
"1","rahed838","",
"1","raj2141","",
"1","raj2342","",
"1","raloe743","",
"1","ramoa611","",
"1","ramoj723","",
"1","raosr645","",
"1","ras2554","",
"1","rav1731","",
"1","rav2382","",
"1","rbf2295","",
"1","rbg1291","",
"1","rbj1457","",
"1","rbl1129","",
"1","rbl2274","",
"1","rbr1485","",
"1","rca1983","",
"1","rcb1434","",
"1","rce1810","",
"1","rce2655","",
"1","rch1011","",
"1","rci1627","",
"1","rci2058","",
"1","rcj2000","",
"1","rck2120","",
"1","rct2148","",
"1","rda1887","",
"1","rdg1753","",
"1","rdj1101","",
"1","rdl2489","",
"1","rdm1808","",
"1","rdm2646","",
"1","rebam487","",
"1","recaa828","",
"1","ree1388","",
"1","regan123","",
"1","rehej859","",
"1","rei1483","",
"1","reloa336","",
"1","remoj311","",
"1","repaj764","",
"1","reto","",
"1","rey2146","",
"1","rfa1454","",
"1","rff2596","",
"1","rfp1898","",
"1","rfp2418","",
"1","rge1548","",
"1","rgj1407","",
"1","rgj1959","",
"1","rgm2215","",
"1","rgo1794","",
"1","rgr1707","",
"1","rgr2079","",
"1","rgr2348","",
"1","rha1433","",
"1","rhd2319","",
"1","rhe1851","",
"1","rhh1609","",
"1","rhj1725","",
"1","ria1762","",
"1","ria2574","",
"1","rianm843","",
"1","ricardop","",
"1","rimel366","",
"1","rioran34","",
"1","rjj1274","",
"1","rjj2257","",
"1","rjm1880","",
"1","rkl2367","",
"1","rla1366","",
"1","rla2253","",
"1","rlc1560","",
"1","rle2529","",
"1","rlj1219","",
"1","rlj2031","",
"1","rlj8000","34",
"1","rlr1323","",
"1","rmc2444","",
"1","rme1142","",
"1","rme1552","",
"1","rmj1285","",
"1","rmj1444","",
"1","rmj2381","",
"1","rmj2403","",
"1","rml2061","",
"1","rmm1207","",
"1","rmm2504","",
"1","rmr1074","",
"1","rmr1838","",
"1","rmr2110","",
"1","rms2523","",
"1","rmv2532","",
"1","roavj249","",
"1","robaj575","",
"1","robam621","",
"1","rocap980","",
"1","rocar155","",
"1","rocui728","",
"1","roesa354","",
"1","rogag875","",
"1","rogoc596","",
"1","rol2422","",
"1","romea671","",
"1","roojh488","",
"1","roorm514","",
"1","ropee807","",
"1","ropem664","",
"1","ropul923","",
"1","ros1529","",
"1","rosem698","",
"1","rovaab88","",
"1","rozaj560","",
"1","rpj1815","",
"1","rpm1301","",
"1","rpm2546","",
"1","rra1821","",
"1","rra2209","",
"1","rrd2575","",
"1","rrd2619","",
"1","rre1589","",
"1","rrl2519","",
"1","rrm1281","",
"1","rrm2307","",
"1","rro2170","",
"1","rrv1427","",
"1","rsc1499","",
"1","rse1114","",
"1","rsg2300","",
"1","rsi2075","",
"1","rsl1178","",
"1","rsm1376","",
"1","rsm1629","",
"1","rta1757","",
"1","rtl2447","",
"1","rtl2576","",
"1","rtr1623","",
"1","rtr2338","",
"1","rufae572","",
"1","rulaj984","",
"1","ruly","",
"1","ruyom588","",
"1","ruzag794","",
"1","rvd2497","",
"1","rvd2642","",
"1","rve2116","",
"1","rvg1204","",
"1","rvj1519","",
"1","rvj1772","",
"1","ryb1331","",
"1","rzd1693","",
"1","saabj876","",
"1","saarl735","",
"1","sabaa822","",
"1","sabej901","",
"1","sabretooth","",
"1","sac1662","",
"1","sacay631","",
"1","sachj835","",
"1","sacra273","",
"1","saess584","",
"1","sahea222","",
"1","sahen272","",
"1","sahul248","",
"1","saj2389","",
"1","sajia902","",
"1","sajua443","",
"1","salij479","",
"1","sam1866","",
"1","samaj740","",
"1","samavi69","",
"1","samec937","",
"1","samee254","",
"1","samej318","",
"1","samel910","",
"1","samoh400","",
"1","samoo795","",
"1","sao1238","",
"1","sao1650","",
"1","saora409","",
"1","saorj899","",
"1","sapag699","",
"1","sapel832","",
"1","sar2605","",
"1","sarom274","",
"1","sasar543","",
"1","sasil747","",
"1","satrc711","",
"1","saved634","",
"1","sazul491","",
"1","sbf1006","",
"1","sbj1482","",
"1","sca2591","",
"1","scc1844","",
"1","scc1988","",
"1","scc2267","",
"1","sce1962","",
"1","scg2196","",
"1","sci2677","",
"1","scj2371","",
"1","scj2432","",
"1","scj2567","",
"1","scj2588","",
"1","scm1771","",
"1","scn2093","",
"1","scr1817","",
"1","scr2456","",
"1","scs2152","",
"1","sda2350","",
"1","sdc2341","",
"1","sdi2053","",
"1","sdj1025","",
"1","sds1867","",
"1","seechi","",
"1","sevip748","",
"1","sfa2687","",
"1","sfd1645","",
"1","sfi2025","",
"1","sfl2192","",
"1","sfr1677","",
"1","sga1727","",
"1","sga2005","",
"1","sga2121","",
"1","sgc2557","",
"1","sgd1448","",
"1","sge1568","",
"1","sge2095","",
"1","sgf1758","",
"1","sgh2370","",
"1","sgr1348","",
"1","sgr2603","",
"1","shc1399","",
"1","shc2369","",
"1","she1272","",
"1","she1986","",
"1","shh1429","",
"1","shi2013","",
"1","shm2029","",
"1","shm2487","",
"1","shm2650","",
"1","shr1312","",
"1","shr1721","",
"1","shr1996","",
"1","sih1396","",
"1","sirojo90","",
"1","sizae810","",
"1","sjim706","",
"1","sj_abad","",
"1","skualler","",
"1","sla1183","",
"1","sll1279","",
"1","sll2142","",
"1","slo2524","",
"1","slr1901","",
"1","sma1287","",
"1","sma1775","",
"1","sma1961","",
"1","smc1607","",
"1","smc2041","",
"1","smd1494","",
"1","smg1189","",
"1","smh1192","",
"1","smj1614","",
"1","smj2118","",
"1","smj2230","",
"1","sml1076","",
"1","smm1697","",
"1","smn2156","",
"1","sms2661","",
"1","smu1905","",
"1","smv1117","",
"1","smv2622","",
"1","smw2098","",
"1","smz2705","",
"1","soa2222","",
"1","soc1966","",
"1","socag757","",
"1","socie752","",
"1","sog1186","",
"1","sogac344","",
"1","soi2562","",
"1","soj1529","",
"1","somoa267","",
"1","soquc741","",
"1","sosuj886","",
"1","sovea742","",
"1","spc2151","",
"1","spe1386","",
"1","spn1172","",
"1","srd1774","",
"1","srd2362","",
"1","srj1935","",
"1","srj2246","",
"1","srj2387","",
"1","srm1449","",
"1","srm2111","",
"1","srr2700","",
"1","ssd1368","",
"1","sse2065","",
"1","ssi1998","",
"1","ssj1098","",
"1","ssj1234","",
"1","ssl1460","",
"1","stj2630","",
"1","stpeh749","",
"1","suely747","",
"1","susuj801","",
"1","sva2290","",
"1","svc2377","",
"1","svf2463","",
"1","svi1257","",
"1","svn1320","",
"1","sza2553","",
"1","taa2692","",
"1","taiba462","",
"1","tao1818","",
"1","tbc1852","",
"1","tbl1319","",
"1","tbm1440","",
"1","tcn2105","",
"1","tda1639","",
"1","tdl1660","",
"1","tejud191","",
"1","tevaj647","",
"1","tfl2648","",
"1","tfs2198","",
"1","tgi2038","",
"1","tgl2680","",
"1","tgn2399","",
"1","tha2352","",
"1","thatdud","",
"1","thh2270","",
"1","tij1293","",
"1","tjb1661","",
"1","tlf1610","",
"1","tli2649","",
"1","tlj2443","",
"1","tlmed521","",
"1","tlros755","",
"1","tmj1841","",
"1","tmj2400","",
"1","tmv2030","",
"1","tmv2063","",
"1","toaga458","",
"1","togag343","",
"1","toheb723","",
"1","tojin313","",
"1","tojis480","",
"1","tol1176","",
"1","topoj431","",
"1","trdia964","",
"1","trmej736","",
"1","trn2388","",
"1","tsj2336","",
"1","tso1729","",
"1","tsr1302","",
"1","ttm1732","",
"1","tty1587","",
"1","tutorias","",
"1","tvg2708","",
"1","tvv2135","",
"1","txg1054","",
"1","upj2302","",
"1","uragp434","",
"1","uthec198","",
"1","uue1173","",
"1","vaa2191","",
"1","vaa2361","",
"1","vaalm727","",
"1","vaarj","",
"1","vabee276","",
"1","vabev798","",
"1","vacej997","",
"1","vafeg450","",
"1","vag1144","",
"1","vagac834","",
"1","valaj341","",
"1","vam2147","",
"1","vam2689","",
"1","vamea686","",
"1","vamet906","",
"1","van2339","",
"1","vapaa905","",
"1","vapel737","",
"1","vapeu732","",
"1","varol599","",
"1","vba2019","",
"1","vcf1247","",
"1","vci1508","",
"1","vcj1504","",
"1","vcj1834","",
"1","vcj1840","",
"1","vcj2364","",
"1","vcs2033","",
"1","vdd1957","",
"1","vdn2421","",
"1","vdv1260","",
"1","vdv2531","",
"1","vearm852","",
"1","vecaa353","",
"1","vehev540","",
"1","vgh1325","",
"1","vgi2326","",
"1","vgj2390","",
"1","vgj2514","",
"1","vgl2374","",
"1","vgm1361","",
"1","vgs2298","",
"1","vgv1309","",
"1","vhj1506","",
"1","vhj2611","",
"1","vicac595","",
"1","vicaf703","",
"1","vigae260","",
"1","vihej659","",
"1","vimeg884","",
"1","vimom781","",
"1","vircop","",
"1","vle1283","",
"1","vll2090","",
"1","vlv2672","",
"1","vma2083","",
"1","vmc1819","",
"1","vme2496","",
"1","vmi1759","",
"1","vmj1487","",
"1","vmo1334","",
"1","vni1365","",
"1","voo1126","",
"1","vpm1769","",
"1","vpr1547","",
"1","vpr2606","",
"1","vqm1531","",
"1","vre1390","",
"1","vrg1161","",
"1","vri1394","",
"1","vrl2404","",
"1","vrr2508","",
"1","vsa2269","",
"1","vsa2276","",
"1","vug2128","",
"1","vva2186","",
"1","vva2659","",
"1","vve2429","",
"1","vvf2498","",
"1","xcj1086","",
"1","xpj2405","",
"1","xvd2594","",
"1","zacac939","",
"1","zaj1553","",
"1","zal2516","",
"1","zam1415","",
"1","zamoge98","",
"1","zarii950","",
"1","zatij508","",
"1","zayay467","",
"1","zca1034","",
"1","zcs2706","",
"1","zdj1225","",
"1","zej1209","",
"1","zfl2698","",
"1","zgj1441","",
"1","zhc1718","",
"1","zhd1620","",
"1","zhl2301","",
"1","zil2406","",
"1","zld1422","",
"1","zlj1842","",
"1","zml2096","",
"1","zmr1128","",
"1","zsa1090","",
"1","zsa2256","",
"2","aap1754","",
"2","abheb973","",
"2","abl1572","",
"2","abl1902","",
"2","acpak946","",
"2","acy2475","",
"2","adm1881","",
"2","adm2169","",
"2","afl1471","",
"2","afo1455","",
"2","agaga809","",
"2","agc1032","",
"2","agcaol59","",
"2","agf1324","",
"2","agm1345","",
"2","agn1890","",
"2","aha1326","",
"2","alesan62","",
"2","alfej774","",
"2","aly2437","",
"2","aob1174","",
"2","apa1005","",
"2","ape1541","",
"2","apm2165","",
"2","are1788","",
"2","are1912","",
"2","arm2484","",
"2","arola746","",
"2","asd1151","",
"2","avc1113","",
"2","avloj183","",
"2","avsan872","",
"2","baagj484","",
"2","bacaj913","",
"2","bagom204","",
"2","bah1474","",
"2","bahem812","",
"2","bamon991","",
"2","bapaa236","",
"2","barug339","",
"2","basaj346","",
"2","basom426","",
"2","bavea598","",
"2","bda1624","",
"2","befem205","",
"2","besif496","",
"2","bfa1313","",
"2","bgc2003","",
"2","bge1057","",
"2","bgl1827","",
"2","boalk881","",
"2","bom1424","",
"2","bpd1336","",
"2","bpp1337","",
"2","bvk2471","",
"2","caa1047","",
"2","caarl911","",
"2","cagude31","",
"2","cahel890","",
"2","cahem238","",
"2","cansa403","",
"2","caolf861","",
"2","carom218","",
"2","cavim211","",
"2","cay1756","",
"2","caz2485","",
"2","caz2663","",
"2","cazaj182","",
"2","cba2183","",
"2","cbm2441","",
"2","ccj1849","",
"2","ccj1892","",
"2","ccj1932","",
"2","cco1857","",
"2","ccr1752","",
"2","ceb2265","",
"2","cegam181","",
"2","cejuri66","",
"2","cerem422","",
"2","ces1952","",
"2","cga1896","",
"2","cgm1045","",
"2","cgs1353","",
"2","chhea235","",
"2","chj2266","",
"2","chl1559","",
"2","chm1141","",
"2","ciy1198","",
"2","cja1920","",
"2","cjo2168","",
"2","clj2469","",
"2","cmi1357","",
"2","cmj1891","",
"2","cmj1958","",
"2","cmm2181","",
"2","cocojo45","",
"2","codij824","",
"2","codom101","",
"2","cojuh775","",
"2","coloh351","",
"2","cosad158","",
"2","coyon992","",
"2","crcam889","",
"2","crcom781","",
"2","crd2273","",
"2","cre1052","",
"2","cre1122","",
"2","crpon676","",
"2","crs1638","",
"2","crsad994","",
"2","csd1648","",
"2","csm1147","",
"2","cte1140","",
"2","ctm1003","",
"2","curol361","",
"2","cvm2360","",
"2","dal1631","",
"2","darora56","",
"2","dba1082","",
"2","dce1069","",
"2","dcl2174","",
"2","dcs1338","",
"2","dedere42","",
"2","degom338","",
"2","dehedu49","",
"2","deher180","",
"2","dga1043","",
"2","dgm2166","",
"2","dgp1915","",
"2","dhd1570","",
"2","diguc209","",
"2","dimom550","",
"2","dmr1081","",
"2","dmx1811","",
"2","dopaj324","",
"2","dovam945","",
"2","drl1597","",
"2","drs1829","",
"2","dss1945","",
"2","dugum721","",
"2","egb1882","",
"2","emd1780","",
"2","estad07","",
"2","esveidy","",
"2","faromi36","",
"2","fas2656","",
"2","fasam258","",
"2","fck2311","",
"2","fcr1358","",
"2","ferihi40","",
"2","fgj1755","",
"2","fgl1551","",
"2","fhm1351","",
"2","flj1861","",
"2","fma1600","",
"2","fmi2667","",
"2","fmm1056","",
"2","frf1598","",
"2","frs1303","",
"2","fsa2470","",
"2","fsc2662","",
"2","fvj1467","",
"2","fvm2668","",
"2","gaarl202","",
"2","gae1603","",
"2","gaflg210","",
"2","gaj1873","",
"2","galog157","",
"2","gam1782","",
"2","gameka9","",
"2","gasux594","",
"2","gatrlo54","",
"2","gba2163","",
"2","gbg1542","",
"2","gbn1563","",
"2","gch1146","",
"2","gcj1916","",
"2","gcs1786","",
"2","gdj1148","",
"2","gee1095","",
"2","gga1543","",
"2","gga1930","",
"2","gga2178","",
"2","gga2674","",
"2","ggj1787","",
"2","ggs2164","",
"2","ggy1150","",
"2","ghi1112","",
"2","gjm1191","",
"2","gjx1823","",
"2","gmm1352","",
"2","gmn1562","",
"2","goagj823","",
"2","godoc623","",
"2","goflch13","",
"2","goheli50","",
"2","golom251","",
"2","gom1565","",
"2","goo2431","",
"2","gopah528","",
"2","gor1665","",
"2","gosali71","",
"2","govael51","",
"2","gra2356","",
"2","grb2214","",
"2","grk1059","",
"2","gro1675","",
"2","gsl1853","",
"2","gsm1793","",
"2","gtd1203","",
"2","gumes242","",
"2","gva1564","",
"2","gvj1956","",
"2","haa1188","",
"2","haa1567","",
"2","haj1021","",
"2","hba2159","",
"2","hba2669","",
"2","hca2590","",
"2","hcc1575","",
"2","hck2264","",
"2","hcm1344","",
"2","hcs1751","",
"2","hdi2472","",
"2","heahe882","",
"2","hebac998","",
"2","hecal880","",
"2","hecoal60","",
"2","hededa55","",
"2","hedee199","",
"2","hegae728","",
"2","hegae993","",
"2","hegoe161","",
"2","hegol891","",
"2","heher185","",
"2","hejin250","",
"2","hemaj868","",
"2","hemed773","",
"2","hemor215","",
"2","heorj206","",
"2","hepee154","",
"2","heriy873","",
"2","hesaa424","",
"2","hesao840","",
"2","hevam219","",
"2","hfj1573","",
"2","hfm2176","",
"2","hga1299","",
"2","hgg1822","",
"2","hgm1914","",
"2","hha1858","",
"2","hhh1672","",
"2","hii1900","",
"2","hla1391","",
"2","hle2473","",
"2","hly1923","",
"2","hml1436","",
"2","hml1909","",
"2","hmn1067","",
"2","hop1644","",
"2","hor1933","",
"2","hpa1080","",
"2","hpj2197","",
"2","hpn1971","",
"2","hrb1329","",
"2","hrg1079","",
"2","hrm1926","",
"2","hrs1155","",
"2","hsl2666","",
"2","hvr2538","",
"2","ibgum178","",
"2","iev1602","",
"2","imn1566","",
"2","jcl1848","",
"2","jhm1791","",
"2","jihec186","",
"2","jle1197","",
"2","jme1002","",
"2","jmg1539","",
"2","jmr1335","",
"2","jsc1540","",
"2","juhel729","",
"2","jurai432","",
"2","lae1199","",
"2","lahes907","",
"2","lal1472","",
"2","lci1223","",
"2","lcj1031","",
"2","leazma87","",
"2","lefle725","",
"2","liquju39","",
"2","liroyo30","",
"2","llc1937","",
"2","lli1625","",
"2","lme1438","",
"2","lmg1596","",
"2","lmj2177","",
"2","loalju14","",
"2","lod1584","",
"2","lofuj255","",
"2","log1929","",
"2","logoc904","",
"2","lohep345","",
"2","losalo38","",
"2","lovii253","",
"2","lrm1833","",
"2","lrn2160","",
"2","lsm1180","",
"2","ltm1330","",
"2","ltp1190","",
"2","lucre386","",
"2","lucrro44","",
"2","luvem187","",
"2","lvn1943","",
"2","mabaa275","",
"2","maesa766","",
"2","mafara29","",
"2","mal1058","",
"2","malil860","",
"2","mam1450","",
"2","mamac689","",
"2","mamala32","",
"2","mamema48","",
"2","man1100","",
"2","mayogi7","",
"2","mbd1884","",
"2","mbe1550","",
"2","mbm1024","",
"2","mbn1354","",
"2","mbt2614","",
"2","mcr1536","",
"2","mde1070","",
"2","meibp777","",
"2","memul874","",
"2","mesajo78","",
"2","mesol423","",
"2","mfa1922","",
"2","mfm1322","",
"2","mga1921","",
"2","mge1339","",
"2","mgm1832","",
"2","mgm2208","",
"2","mgn1899","",
"2","mgo1941","",
"2","mgs1315","",
"2","mha1048","",
"2","mhg1049","",
"2","mik1343","",
"2","mjj1110","",
"2","mjm1637","",
"2","mme1108","",
"2","mml1305","",
"2","mmm1327","",
"2","mmv1038","",
"2","mocos221","",
"2","mod2411","",
"2","moe2398","",
"2","molap201","",
"2","mor1582","",
"2","motrm990","",
"2","mpy1109","",
"2","mre1001","",
"2","mre2540","",
"2","mrm2243","",
"2","msa1583","",
"2","mumee744","",
"2","mumoi839","",
"2","mumoj102","",
"2","mva2690","",
"2","mvm2616","",
"2","naagm257","",
"2","nacam103","",
"2","npj1187","",
"2","nrl1201","",
"2","obe1342","",
"2","ocp2657","",
"2","ocsam591","",
"2","ogd1903","",
"2","ogm1847","",
"2","ojqum745","",
"2","olheg349","",
"2","olrop989","",
"2","olsam224","",
"2","omn1111","",
"2","ops2580","",
"2","orcrr189","",
"2","ore2189","",
"2","orloc122","",
"2","orom107","",
"2","orroj592","",
"2","pacaar61","",
"2","paguc593","",
"2","pamael28","",
"2","papah226","",
"2","pateka52","",
"2","pcf2515","",
"2","pcj1615","",
"2","pct2430","",
"2","pdm1159","",
"2","peard184","",
"2","pebac145","",
"2","pegagr25","",
"2","pem2436","",
"2","pemef539","",
"2","pemoo350","",
"2","peolj525","",
"2","pfp1478","",
"2","pgl1579","",
"2","pgy1874","",
"2","phm2184","",
"2","pho1153","",
"2","phr2539","",
"2","ple1152","",
"2","pmb1768","",
"2","pmf2658","",
"2","pmj1387","",
"2","pmr1350","",
"2","pogoj850","",
"2","pomai323","",
"2","ppi1300","",
"2","ppl1936","",
"2","ppp2467","",
"2","prg2182","",
"2","prl1894","",
"2","prm1828","",
"2","psa1789","",
"2","pse1306","",
"2","pse1555","",
"2","rac1480","",
"2","rae1044","",
"2","ragoel97","",
"2","ramoj228","",
"2","rapean63","",
"2","rbm1307","",
"2","rbo2665","",
"2","rca1036","",
"2","rcc1592","",
"2","rck2157","",
"2","rcl2735","",
"2","rcn1459","",
"2","rcv2249","",
"2","rdm1792","",
"2","renir629","",
"2","reorja41","",
"2","repaj308","",
"2","reper773","",
"2","rgd1333","",
"2","rge1094","",
"2","rgl1534","",
"2","rgo1475","",
"2","rhb1470","",
"2","rhj1942","",
"2","rhr1939","",
"2","ricrm552","",
"2","riesa382","",
"2","rirace37","",
"2","rla2628","",
"2","rlc1298","",
"2","rlj2220","",
"2","rmm2670","",
"2","rocam160","",
"2","rogoh347","",
"2","rohij928","",
"2","rol1599","",
"2","rolom256","",
"2","rolool53","",
"2","rom2248","",
"2","romojo57","",
"2","rosav306","",
"2","rosefa72","",
"2","rps1831","",
"2","rqt2434","",
"2","rre1870","",
"2","rrj1431","",
"2","rrr1061","",
"2","rudum365","",
"2","rumeli58","",
"2","rza2258","",
"2","sabav143","",
"2","sabes188","",
"2","sacama18","",
"2","sacaro27","",
"2","saceg966","",
"2","sae1317","",
"2","sahem266","",
"2","sal1065","",
"2","sasait8","",
"2","savar220","",
"2","sbf1830","",
"2","sbr1871","",
"2","sby1535","",
"2","scm1004","",
"2","secom106","",
"2","sfp2242","",
"2","sga1919","",
"2","shf1332","",
"2","shi2162","",
"2","sjc2675","",
"2","sjj2190","",
"2","sla2179","",
"2","slh1479","",
"2","slj1636","",
"2","sll1340","",
"2","sll1938","",
"2","sls1577","",
"2","smj2615","",
"2","smt1466","",
"2","smv1934","",
"2","sohej225","",
"2","soroy162","",
"2","spa1039","",
"2","spa1066","",
"2","sph2664","",
"2","spl2240","",
"2","srs2175","",
"2","ssb1046","",
"2","ssc1509","",
"2","ssf1297","",
"2","ssr1749","",
"2","sva2579","",
"2","svj2433","",
"2","svm1157","",
"2","sza2180","",
"2","tce1304","",
"2","teaga425","",
"2","teana841","",
"2","teesa541","",
"2","tere_zep","",
"2","tfm2474","",
"2","togaa110","",
"2","togog981","",
"2","tomua944","",
"2","tpd1904","",
"2","trhec529","",
"2","trole942","",
"2","usa1359","",
"2","vaagj551","",
"2","vagoj325","",
"2","vagoy888","",
"2","vamai264","",
"2","vbm1883","",
"2","vca1468","",
"2","vcj2185","",
"2","vcl2293","",
"2","vdv2161","",
"2","vedol481","",
"2","vesuro35","",
"2","vga1437","",
"2","vgs1940","",
"2","vihuc333","",
"2","vlm1316","",
"2","vma2671","",
"2","vmm1055","",
"2","vmn1341","",
"2","vmv2581","",
"2","vof1574","",
"2","vpd1023","",
"2","vr1010","",
"2","vra1062","",
"2","vro1022","",
"2","vsv1872","",
"2","vsz1895","",
"2","vva1613","",
"2","vve1612","",
"2","vzn1170","",
"2","xatop999","",
"2","yfl1473","",
"2","zacad217","",
"2","zasy10","",
"2","zfs2201","",
"2","zhj2346","",
"2","zjr1060","",
"2","zmj1446","",
"2","zoc2173","",
"2","zpg1913","",
"2","zpk1156","",
"2","zrk2241","",
"2","zss1328","",
"3","asdojo12","",
"3","chvaw278","",
"3","flalj277","",
"3","gocaa281","32091",
"3","gorol280","",
"3","herom363","",
"3","marak282","",
"3","marmo818","",
"3","marol819","",
"3","nagum283","20446",
"3","pocra284","",
"3","ppp2468","",
"4","agcar233","",
"4","alolz290","",
"4","alrem167","",
"4","alrosa79","",
"4","arizl449","",
"4","avjubr80","",
"4","babaro81","",
"4","betoad82","",
"4","cacrgu84","",
"4","calan961","",
"4","caloal83","",
"4","cgr1686","",
"4","coruj168","",
"4","cosar291","",
"4","cozaer85","",
"4","fmc1239","",
"4","gae1685","",
"4","gausma86","",
"4","goanca93","",
"4","gugom169","",
"4","guhelu94","",
"4","hebaj292","",
"4","hecoc815","",
"4","itcai170","",
"4","lacan814","",
"4","leror232","",
"4","lesam171","",
"4","mafeal95","",
"4","moalen96","",
"4","mools125","",
"4","mousy293","",
"4","museb294","",
"4","pemeb295","",
"4","pemoo127","",
"4","pimoa172","26999",
"4","prcam126","",
"4","rahel173","",
"4","raole128","",
"4","ripif129","",
"4","rosao130","",
"4","sacab137","",
"4","sajuh174","",
"4","semeb131","",
"4","soana230","",
"4","sohed132","",
"4","spd1240","",
"4","tablp133","",
"4","teheg134","",
"4","tochf175","",
"4","tomam296","",
"4","vacat234","",
"4","vadis297","",
"4","vasap231","",
"4","vaviv135","",
"4","vevam136","",
"5","mmj2733","",
"5","rcj2734","",
"7","aca1990","",
"7","era1947","",
"7","tocoer89","",
"9","acg2729","9365",
"9","ahj1608","",
"9","amcaiv1","",
"9","arl1687","25205",
"9","avm2720","18946",
"9","bge2726","32409",
"9","buvaw959","",
"9","carmen","15073",
"9","cavas799","10183",
"9","ccd2457","",
"9","cem940","",
"9","cmm2717","8204",
"9","cmp2719","10201",
"9","cpe2199","",
"9","cro1897","31810",
"9","csf2727","26781",
"9","cvm2644","",
"9","dicae307","24330",
"9","dsa2730","",
"9","dsarmiento","31364",
"9","dvargas","",
"9","ebe2200","",
"9","ete2618","31812",
"9","figueroa","",
"9","fpj2715","5310",
"9","gaarb722","",
"9","gaesh176","",
"9","gam1989","",
"9","gaovm817","",
"9","garasi159","",
"9","gazam567","",
"9","gpv1995","",
"9","grm2722","9827",
"9","henaf813","",
"9","hesuj789","",
"9","hgl2721","28793",
"9","hhj1850","",
"9","hov2460","",
"9","husog586","",
"9","jaorr495","",
"9","klabc451","24328",
"9","labav436","",
"9","lahernand","",
"9","lehem464","",
"9","lfa1618","",
"9","lhj2723","18349",
"9","lmm1503","20823",
"9","lorena","15278",
"9","lourdeshr","",
"9","lpb1843","28338",
"9","ltm1654","",
"9","lupyer","",
"9","martha","",
"9","mekal565","",
"9","mobac821","",
"9","moj1581","",
"9","moria662","14858",
"9","mri2693","",
"9","mte2478","4444",
"9","myc1463","",
"9","ncruz","15390",
"9","orc2718","24054",
"9","orv1649","13759",
"9","panaa153","",
"9","pegol320","",
"9","pha2724","20246",
"9","rebolu70","",
"9","rmg2725","15181",
"9","rocajo16","",
"9","romoi348","",
"9","rsm1970","",
"9","saora715","26605",
"9","sasif614","18708",
"9","slm2716","7006",
"9","smj2728","15575",
"9","soj1676","30640",
"9","velufe75","19954",
"9","vevam333","",
"10","acela","",
"10","alumno","",
"10","asa1974","",
"10","bameri19","",
"10","cbr2391","",
"10","cobaev","",
"10","computacio","",
"10","dds","",
"10","develop","",
"10","drs1975","",
"10","gma1977","34422",
"10","gsv1976","",
"10","guiller","",
"10","hcm1978","",
"10","heroh156","",
"10","hpg1979","",
"10","hrm1980","",
"10","intersem","",
"10","javier","",
"10","lamaa318","",
"10","pruepi","",
"10","roplo727","",
"10","rti1981","",
"10","ruana715","",
"11","aad2739","",
